USE [BakeMyWorld]
GO

SET IDENTITY_INSERT [dbo].[GiftBoxes] ON 

INSERT [dbo].[GiftBoxes] ([Id], [Name], [Description], [ImageUrl], [Price], [UrlSlug]) VALUES (1, '200 kr gift vouchers', 'gift vouchers make a perfect gift for someone special...','http://hypnotherapyhorizons.com/wp-content/uploads/2011/11/gift-voucher-presents.jpg', CAST(200.00 AS Decimal(18, 2)),'200kr-Gift-Voucher')
INSERT [dbo].[GiftBoxes] ([Id], [Name], [Description], [ImageUrl], [Price], [UrlSlug]) VALUES (2, '400 kr gift voucher', 'gift vouchers make a perfect gift for someone special...', 'http://hypnotherapyhorizons.com/wp-content/uploads/2011/11/gift-voucher-presents.jpg', CAST(400.00 AS Decimal(18, 2)), '400kr-Gift-Voucher')
INSERT [dbo].[GiftBoxes] ([Id], [Name], [Description], [ImageUrl], [Price], [UrlSlug]) VALUES (3, '600 kr gift voucher', 'gift vouchers make a perfect gift for someone special...', 'http://hypnotherapyhorizons.com/wp-content/uploads/2011/11/gift-voucher-presents.jpg', CAST(600.00 AS Decimal(18, 2)), '600kr-Gift-Voucher')

INSERT [dbo].[GiftBoxes] ([Id], [Name], [Description], [ImageUrl], [Price], [UrlSlug]) VALUES (4, '12Pcs Truffles Gift box', 'our 12-piece box of Ultimate Dessert Truffles is great for gifting. But we are loving it for this idea, too: Family Truffle Night!', 'http://demandware.edgesuite.net/aakg_prd/on/demandware.static/-/Sites-godiva-master-catalog-us/default/dw09c8a3af/large/2015Fall/editTruffles12_76145_01.jpg', CAST(400.00 AS Decimal(18, 2)), '12Pcs-truffles-gift-box')
INSERT [dbo].[GiftBoxes] ([Id], [Name], [Description], [ImageUrl], [Price], [UrlSlug]) VALUES (5, '12Pcs My Sweet Box', 'My Sweet Box is the solution for every occasion – whether you’re searching for the perfect gift, trying to say sorry or simply celebrating any of life’s happiest occasions, My Sweet Box’s irresistible treats are what you need.', 'https://www.hunterandbligh.com.au/wp-content/uploads/2017/09/05a-1-copy.jpg', CAST(500.00 AS Decimal(18, 2)), '12Pcs-my-sweet-box')
INSERT [dbo].[GiftBoxes] ([Id], [Name], [Description], [ImageUrl], [Price], [UrlSlug]) VALUES (6, '12Pcs White Macaron box', '12Pcs White Macaron box with Pink White Black and Green Dessert Macaron boxes favors and gifts packaging boxes for 12 macarons', 'https://ae01.alicdn.com/kf/HTB10NGpQMHqK1RjSZFPq6AwapXaU/10Pcs-White-Macaron-box-with-Pink-White-Black-and-Green-Dessert-Macaron-boxes-favors-and-gifts.jpg_q50.jpg', CAST(300.00 AS Decimal(18, 2)), '12Pcs-white-macaron-box')

INSERT [dbo].[GiftBoxes] ([Id], [Name], [Description], [ImageUrl], [Price], [UrlSlug]) VALUES (7, 'Soursweet Symphony Cake', N'Because there is no sweet without sour', N'https://img5.goodfon.ru/original/1024x768/1/d7/tort-kompozitsiia-ukrasheniia-iagody.jpg', CAST(500.00 AS Decimal(18, 2)), 'soursweet-symphony-cake')
INSERT [dbo].[GiftBoxes] ([Id], [Name], [Description], [ImageUrl], [Price], [UrlSlug]) VALUES (8, '"Go Nuts!" Chocolate Cake', N'Because sometimes you just need to go nuts', N'https://smellslikehome.co.il/wp-content/uploads/2016/04/P4070371-1-1024x768.jpg', CAST(300.00 AS Decimal(18, 2)), '"go-nuts!"-chocolate-cake')
INSERT [dbo].[GiftBoxes] ([Id], [Name], [Description], [ImageUrl], [Price], [UrlSlug]) VALUES (9, 'Sneaky Carrot Cake', 'There is a way to make your child eat his vegetables', N'https://images.eatsmarter.de/sites/default/files/styles/1024x768/public/moehrentorte-63005.jpg', CAST(299.00 AS Decimal(18, 2)), N'sneaky-carrot-cake')
INSERT [dbo].[GiftBoxes] ([Id], [Name], [Description], [ImageUrl], [Price], [UrlSlug]) VALUES (10, 'Midsummer Evenings Flourless Cake', N'A cake as flourless as midsummer evenings are careless', N'https://www.foodmaniacs.gr/wp-content/uploads/2016/06/white-chocolate-and-strawberry-cheesecake-1024x768.jpg', CAST(390.00 AS Decimal(18, 2)), 'midsummer-evenings-flourless-cake')
INSERT [dbo].[GiftBoxes] ([Id], [Name], [Description], [ImageUrl], [Price], [UrlSlug]) VALUES (11, 'Adventurous Flourless Cake', 'When cake making turns into art...', N'https://pbs.twimg.com/media/EU9YXjWXkAE3HTF.jpg', CAST(160.00 AS Decimal(18, 2)), 'adventurous-flourless-cake')
INSERT [dbo].[GiftBoxes] ([Id], [Name], [Description], [ImageUrl], [Price], [UrlSlug]) VALUES (12, 'Blueberry Cheesecake', 'As cheesy as it gets', 'https://wallbox.ru/resize/1024x768/wallpapers/main2/201727/tort-desert.jpg', CAST(450.00 AS Decimal(18, 2)), 'blueberry-cheesecake')
INSERT [dbo].[GiftBoxes] ([Id], [Name], [Description], [ImageUrl], [Price], [UrlSlug]) VALUES (13, 'Classical Cheesecake', 'Classical baked cheesecake', 'https://avatars.mds.yandex.net/get-zen_doc/163667/pub_5b8fa6a384d0e300a99bd720_5b8fa6a93b1f7200a9bab4ef/scale_1200', CAST(450.00 AS Decimal(18, 2)), 'classical-cheesecake')

INSERT [dbo].[GiftBoxes] ([Id], [Name], [Description], [ImageUrl], [Price], [UrlSlug]) VALUES (14, 'Sneaky Carrot Cupcakes', 'As light as a piece of carrot', N'https://kulinarneimpresje.pl/wp-content/uploads/2018/03/carrot-cake-1473615_1280-Copy-1.jpg', CAST(299.00 AS Decimal(18, 2)), 'sneaky-carrot-cupcakes')
INSERT [dbo].[GiftBoxes] ([Id], [Name], [Description], [ImageUrl], [Price], [UrlSlug]) VALUES (15, 'Little Gentleman Cupcake', 'Because he knows how to treat your right', N'https://wallbox.ru/resize/1024x768/wallpapers/main2/201727/1499160654595b604ef07bf6.48137710.jpg', CAST(99.00 AS Decimal(18, 2)), 'little-gentleman-cupcake')

INSERT [dbo].[GiftBoxes] ([Id], [Name], [Description], [ImageUrl], [Price], [UrlSlug]) VALUES (16, 'Raspberry Brownie', 'Because he knows how to treat your right', 'https://d3iamf8ydd24h9.cloudfront.net/pictures/articles/2018/07/85921-v-900x556.jpg', CAST(299.00 AS Decimal(18, 2)), 'raspberry-brownie')
INSERT [dbo].[GiftBoxes] ([Id], [Name], [Description], [ImageUrl], [Price], [UrlSlug]) VALUES (17, 'Classical Brownie', 'Because he knows how to treat your right', 'https://s1.eestatic.com/2020/08/26/como/Bizcocho-Mantequilla-Trucos-Recetas-Como_hacer_515960474_158519866_1706x960.jpg', CAST(99.00 AS Decimal(18, 2)), 'classical-brownie')

INSERT [dbo].[GiftBoxes] ([Id], [Name], [Description], [ImageUrl], [Price], [UrlSlug]) VALUES (18, 'americanos cookies', 'As light as a piece of carrot', 'https://img.cybercook.com.br/receitas/949/cookies-americanos-1-600x600.jpeg', CAST(199.00 AS Decimal(18, 2)), 'americanos-cookies')
INSERT [dbo].[GiftBoxes] ([Id], [Name], [Description], [ImageUrl], [Price], [UrlSlug]) VALUES (19, 'Oreo Stuffed Chocolate Chip Cookies', 'this Oreo Stuffed Chocolate Chip Cookies are decadent treats with the best kind of surprise inside.', 'https://sugarspunrun.com/wp-content/uploads/2018/02/Oreo-Stuffed-Chocolate-Chip-Cookies-1-of-1-2.jpg', CAST(149.00 AS Decimal(18, 2)), 'Oreo-Cookies')
INSERT [dbo].[GiftBoxes] ([Id], [Name], [Description], [ImageUrl], [Price], [UrlSlug]) VALUES (20, 'pecan cookies', 'These browned butter pecan chippers are the perfect fix for your sweet tooth. They’re crisp, chewy and packed full two kinds of chocolate and lots of pecans.', 'https://lifemadesimplebakes.com/wp-content/uploads/2016/05/Brown-Butter-Pecan-Chippers-.jpg', CAST(299.00 AS Decimal(18, 2)), 'pecan cookies')

SET IDENTITY_INSERT [dbo].[GiftBoxes] OFF
GO
SET IDENTITY_INSERT [dbo].[Corporates] ON 

INSERT [dbo].[Corporates] ([Id], [Name], [UrlSlug], [ImageUrl]) VALUES (1, 'GIFT VOUCHER', 'gift-voucher', N'http://hypnotherapyhorizons.com/wp-content/uploads/2011/11/gift-voucher-presents.jpg')
INSERT [dbo].[Corporates] ([Id], [Name], [UrlSlug], [ImageUrl]) VALUES (2, '12 Gift box', '12-Gift-box', N'https://www.smeleader.com/wp-content/uploads/2019/11/%E0%B8%97%E0%B8%B3%E0%B8%82%E0%B8%99%E0%B8%A1%E0%B8%82%E0%B8%B2%E0%B8%A2%E0%B8%AD%E0%B8%AD%E0%B8%9F%E0%B8%9F%E0%B8%B4%E0%B8%A8-%E0%B8%AB%E0%B8%B2%E0%B8%A3%E0%B8%B2%E0%B8%A2%E0%B9%84%E0%B8%94%E0%B9%89%E0%B9%80%E0%B8%AA%E0%B8%A3%E0%B8%B4%E0%B8%A1%E0%B8%88%E0%B8%B2%E0%B8%81%E0%B8%97%E0%B8%B5%E0%B9%88%E0%B8%97%E0%B8%B3%E0%B8%87%E0%B8%B2%E0%B8%99.jpg')
INSERT [dbo].[Corporates] ([Id], [Name], [UrlSlug], [ImageUrl]) VALUES (3, 'Cake', 'cake', 'https://elisestevens.co/wp-content/uploads/2014/06/Fotolia_65250051_S.jpg')
INSERT [dbo].[Corporates] ([Id], [Name], [UrlSlug], [ImageUrl]) VALUES (4, 'Cupcakes box', 'cupcakes-box', N'https://www.primrose-bakery.co.uk/shop/content/images/thumbs/0000600_gift-box-12-regular-cupcakes.jpeg')
INSERT [dbo].[Corporates] ([Id], [Name], [UrlSlug], [ImageUrl]) VALUES (5, 'Brownie', 'brownie', 'https://d3iamf8ydd24h9.cloudfront.net/pictures/articles/2018/07/85921-v-900x556.jpg')
INSERT [dbo].[Corporates] ([Id], [Name], [UrlSlug], [ImageUrl]) VALUES (6, 'Cookies', 'cookies', 'https://img.cybercook.com.br/receitas/949/cookies-americanos-1-600x600.jpeg')

SET IDENTITY_INSERT [dbo].[Corporates] OFF
GO

INSERT [dbo].[CorporateGiftBox] ([GiftBoxesId], [CorporatesId]) VALUES (1, 1)
INSERT [dbo].[CorporateGiftBox] ([GiftBoxesId], [CorporatesId]) VALUES (2, 1)
INSERT [dbo].[CorporateGiftBox] ([GiftBoxesId], [CorporatesId]) VALUES (3, 1)

INSERT [dbo].[CorporateGiftBox] ([GiftBoxesId], [CorporatesId]) VALUES (4, 2)
INSERT [dbo].[CorporateGiftBox] ([GiftBoxesId], [CorporatesId]) VALUES (5, 2)
INSERT [dbo].[CorporateGiftBox] ([GiftBoxesId], [CorporatesId]) VALUES (6, 2)

INSERT [dbo].[CorporateGiftBox] ([GiftBoxesId], [CorporatesId]) VALUES (7, 3)
INSERT [dbo].[CorporateGiftBox] ([GiftBoxesId], [CorporatesId]) VALUES (8, 3)
INSERT [dbo].[CorporateGiftBox] ([GiftBoxesId], [CorporatesId]) VALUES (9, 3)
INSERT [dbo].[CorporateGiftBox] ([GiftBoxesId], [CorporatesId]) VALUES (10,3)
INSERT [dbo].[CorporateGiftBox] ([GiftBoxesId], [CorporatesId]) VALUES (11,3)
INSERT [dbo].[CorporateGiftBox] ([GiftBoxesId], [CorporatesId]) VALUES (12,3)
INSERT [dbo].[CorporateGiftBox] ([GiftBoxesId], [CorporatesId]) VALUES (13,3)

INSERT [dbo].[CorporateGiftBox] ([GiftBoxesId], [CorporatesId]) VALUES (14,4)
INSERT [dbo].[CorporateGiftBox] ([GiftBoxesId], [CorporatesId]) VALUES (15,4)

INSERT [dbo].[CorporateGiftBox] ([GiftBoxesId], [CorporatesId]) VALUES (16,5)
INSERT [dbo].[CorporateGiftBox] ([GiftBoxesId], [CorporatesId]) VALUES (17,5)

INSERT [dbo].[CorporateGiftBox] ([GiftBoxesId], [CorporatesId]) VALUES (18,6)
INSERT [dbo].[CorporateGiftBox] ([GiftBoxesId], [CorporatesId]) VALUES (19,6)
INSERT [dbo].[CorporateGiftBox] ([GiftBoxesId], [CorporatesId]) VALUES (20,6)

GO
